price,area,bedrooms,bathrooms,stories,mainroad,guestroom,basement,hotwaterheating,airconditioning,parking,prefarea,furnishingstatus_semi-furnished,furnishingstatus_unfurnished,Price_Per_Area,Category
3.4090909090909087,0.820940170940171,0.9999999999999997,0.0,0.6931471805599453,0.0,0.0,0.6931471805599453,0.0,0.0,1.0986122886681098,0.0,True,False,1.872159757632651,High
3.181818181818182,0.10299145299145297,0.0,0.0,0.6931471805599453,0.0,0.0,0.6931471805599453,0.6931471805599453,0.0,1.0986122886681098,0.0,True,False,2.884716987777817,High
3.1136363636363633,1.697008547008547,0.0,0.0,0.0,0.0,0.6931471805599452,0.6931471805599453,0.0,0.6931471805599454,0.6931471805599453,0.0,False,False,1.15447775168897,High
2.9545454545454546,2.04957264957265,0.0,0.0,0.0,0.0,0.0,0.0,0.0,0.0,0.6931471805599453,0.0,True,False,0.9688391765185487,High
2.613636363636363,1.055982905982906,0.0,0.0,0.6931471805599453,0.0,0.0,0.6931471805599453,0.0,0.6931471805599454,0.0,0.6931471805599453,False,False,1.2712344815857597,High
2.272727272727273,0.820940170940171,0.0,0.0,0.6931471805599453,0.0,0.0,0.0,0.0,0.6931471805599454,0.6931471805599453,0.0,False,True,1.2481065050884341,High
2.0909090909090904,2.051709401709401,-1.0,0.0,0.0,0.0,0.0,0.0,0.0,0.6931471805599454,0.6931471805599453,0.0,True,False,0.6851599597713587,High
1.9545454545454541,0.820940170940171,0.0,0.0,0.0,0.0,0.0,0.0,0.0,0.6931471805599454,0.6931471805599453,0.0,False,False,1.0733715943760531,High
1.8181818181818183,-0.016666666666666632,0.0,0.0,0.6931471805599453,0.0,0.0,0.6931471805599453,0.6931471805599453,0.0,0.6931471805599453,0.0,False,False,1.8489984591679507,High
1.8181818181818183,0.6927350427350428,0.0,0.0,0.0,0.0,0.6931471805599452,0.6931471805599453,0.0,0.6931471805599454,1.0986122886681098,0.6931471805599453,False,False,1.074108925661564,High
1.8045454545454545,0.820940170940171,0.0,0.0,0.6931471805599453,0.0,0.0,0.0,0.6931471805599453,0.0,0.6931471805599453,0.6931471805599453,True,False,0.9909965650402166,Medium
1.7272727272727273,-0.13632478632478623,0.0,0.0,0.6931471805599453,0.0,0.0,0.0,0.6931471805599453,0.0,1.0986122886681098,0.0,True,False,1.9999100355359631,Medium
1.7272727272727273,1.107264957264957,0.0,0.0,1.0986122886681098,0.0,0.0,0.6931471805599453,0.0,0.0,0.0,0.6931471805599453,False,True,0.8196751534816837,Medium
1.7045454545454546,-0.05085470085470078,0.0,0.0,0.0,0.0,0.0,0.6931471805599453,0.0,0.0,1.0986122886681098,0.0,True,False,1.7958740943882772,Medium
1.7045454545454546,1.4235042735042736,0.0,0.0,0.0,0.0,0.6931471805599452,0.6931471805599453,0.0,0.6931471805599454,1.0986122886681098,0.6931471805599453,False,True,0.703339157756368,Medium
1.6818181818181819,0.3935897435897437,0.0,0.0,0.6931471805599453,0.0,0.0,0.0,0.0,0.6931471805599454,0.0,0.0,True,False,1.2068244542945554,Medium
1.6681818181818182,1.1414529914529916,-1.0,0.0,0.0,0.0,0.6931471805599452,0.6931471805599453,0.0,0.0,1.0986122886681098,0.6931471805599453,False,False,0.7789953012463489,Medium
1.5909090909090908,2.102991452991453,0.0,0.0,0.0,0.0,0.0,0.6931471805599453,0.0,0.0,0.6931471805599453,0.6931471805599453,False,False,0.5127017315421116,Medium
1.5909090909090908,0.9918803418803419,0.0,0.0,0.0,0.0,0.6931471805599452,0.6931471805599453,0.0,0.6931471805599454,0.6931471805599453,0.6931471805599453,True,False,0.7986971192291938,Medium
1.5681818181818181,0.820940170940171,0.9999999999999997,0.0,1.0986122886681098,0.0,0.6931471805599452,0.6931471805599453,0.0,0.0,0.0,0.6931471805599453,False,True,0.8611934885110195,Medium
1.5454545454545456,0.6072649572649573,0.0,0.0,1.0986122886681098,0.0,0.0,0.0,0.0,0.0,0.6931471805599453,0.6931471805599453,False,True,0.9615431099079066,Medium
1.477272727272727,1.0004273504273504,0.0,0.0,1.0986122886681098,0.0,0.0,0.6931471805599453,0.0,0.0,0.0,0.6931471805599453,False,True,0.7384785690703228,Medium
1.4659090909090908,-0.3585470085470085,0.9999999999999997,0.0,1.0986122886681098,0.0,0.0,0.0,0.0,0.0,0.6931471805599453,0.0,True,False,2.285294652050148,Medium
1.4545454545454544,1.0773504273504275,0.0,0.0,0.0,0.0,0.6931471805599452,0.6931471805599453,0.0,0.0,1.0986122886681098,0.6931471805599453,True,False,0.7001926277795439,Medium
1.4545454545454544,1.8346153846153848,0.0,0.0,1.0986122886681098,0.0,0.0,0.0,0.0,0.6931471805599454,1.0986122886681098,0.0,False,True,0.5131367953620327,Medium
1.45,2.367948717948718,0.0,0.0,0.0,0.0,0.0,0.6931471805599453,0.0,0.0,1.0986122886681098,0.6931471805599453,False,False,0.43052912066996574,Medium
1.4090909090909087,1.162820512820513,-1.0,0.0,0.0,0.0,0.6931471805599452,0.6931471805599453,0.0,0.0,1.0986122886681098,0.0,False,False,0.6515061701783691,Medium
1.4090909090909087,1.6756410256410257,0.0,0.0,0.0,0.0,0.6931471805599452,0.6931471805599453,0.0,0.6931471805599454,1.0986122886681098,0.6931471805599453,True,False,0.5266367556736505,Medium
1.3636363636363633,-0.1619658119658119,0.9999999999999997,0.0,0.6931471805599453,0.0,0.6931471805599452,0.0,0.0,0.6931471805599454,0.0,0.0,False,False,1.6271846460525698,Medium
1.3636363636363633,1.0004273504273504,0.0,0.0,0.0,0.0,0.0,0.6931471805599453,0.0,0.6931471805599454,0.0,0.6931471805599453,False,False,0.6816725252956826,Medium
1.3636363636363633,1.2568376068376068,0.0,0.0,0.0,0.0,0.0,0.6931471805599453,0.0,0.6931471805599454,1.0986122886681098,0.6931471805599453,True,False,0.6042244065345749,Medium
1.3636363636363633,1.0517094017094015,0.0,0.0,0.0,0.0,0.6931471805599452,0.6931471805599453,0.0,0.0,1.0986122886681098,0.6931471805599453,False,False,0.6646342618015185,Medium
1.3636363636363633,1.3470085470085469,0.0,0.0,0.6931471805599453,0.0,0.6931471805599452,0.6931471805599453,0.0,0.6931471805599454,0.0,0.6931471805599453,True,False,0.5810103952857048,Medium
1.3181818181818181,1.3166666666666667,0.0,0.0,0.0,0.0,0.0,0.6931471805599453,0.0,0.0,1.0986122886681098,0.6931471805599453,False,True,0.5689993459777632,Medium
1.3136363636363637,0.6072649572649573,0.0,0.0,1.0986122886681098,0.0,0.6931471805599452,0.0,0.0,0.6931471805599454,0.6931471805599453,0.0,False,False,0.8173116434217206,Medium
1.3090909090909093,0.30811965811965825,0.0,0.0,0.0,0.0,0.6931471805599452,0.6931471805599453,0.0,0.0,0.0,0.0,False,True,1.0007424786908616,Medium
1.2727272727272727,0.4790598290598292,0.0,0.0,1.0986122886681098,0.0,0.0,0.0,0.0,0.6931471805599454,0.0,0.0,True,False,0.8604974915289852,Medium
1.2727272727272727,0.30811965811965825,0.0,0.0,1.0986122886681098,0.0,0.0,0.0,0.0,0.6931471805599454,0.0,0.0,False,True,0.9729440765050041,Medium
1.2681818181818183,1.2482905982905983,0.0,0.0,0.0,0.0,0.0,0.6931471805599453,0.0,0.0,1.0986122886681098,0.6931471805599453,True,False,0.5640649029738557,Medium
1.2272727272727275,0.23974358974358975,0.9999999999999997,0.0,0.6931471805599453,0.0,0.0,0.0,0.0,0.0,0.6931471805599453,0.0,True,False,0.9899407727742786,Medium
1.2272727272727275,0.3935897435897437,0.0,0.0,1.0986122886681098,0.0,0.0,0.0,0.0,0.6931471805599454,0.0,0.0,True,False,0.8806556828635946,Medium
1.2272727272727275,0.9747863247863248,0.0,0.0,0.0,0.0,0.6931471805599452,0.6931471805599453,0.0,0.6931471805599454,1.0986122886681098,0.6931471805599453,False,False,0.6214711494953867,Medium
1.1363636363636365,0.2653846153846155,0.9999999999999997,0.0,0.6931471805599453,0.0,0.6931471805599452,0.6931471805599453,0.0,0.6931471805599454,0.6931471805599453,0.0,False,False,0.8980381320806853,Medium
1.1363636363636365,0.9747863247863248,0.0,0.0,1.0986122886681098,0.0,0.0,0.0,0.0,0.0,0.0,0.6931471805599453,True,False,0.5754362495327655,Medium
1.1363636363636365,0.4517094017094019,0.0,0.0,0.6931471805599453,0.0,0.6931471805599452,0.6931471805599453,0.0,0.6931471805599454,0.0,0.6931471805599453,False,True,0.7827762464206385,Medium
1.1136363636363638,0.13717948717948733,0.9999999999999997,0.0,0.6931471805599453,0.0,0.0,0.0,0.0,0.6931471805599454,1.0986122886681098,0.6931471805599453,True,False,0.9792969150353592,Medium
1.0863636363636362,1.2055555555555557,0.0,0.0,0.0,0.0,0.6931471805599452,0.6931471805599453,0.0,0.0,0.0,0.6931471805599453,True,False,0.4925578200137393,Medium
1.068181818181818,1.6670940170940174,0.0,0.0,0.0,0.0,0.0,0.0,0.0,0.0,1.0986122886681098,0.0,True,False,0.4005039984850911,Medium
1.0454545454545452,0.8636752136752137,0.0,0.0,1.0986122886681098,0.0,0.6931471805599452,0.0,0.0,0.6931471805599454,0.0,0.6931471805599453,True,False,0.560963915699068,Medium
1.0227272727272727,1.1735042735042736,0.0,0.0,0.0,0.0,0.6931471805599452,0.6931471805599453,0.0,0.6931471805599454,0.0,0.6931471805599453,True,False,0.4705430236299288,Medium
0.9545454545454547,1.5901709401709403,0.0,0.0,0.0,0.0,0.0,0.6931471805599453,0.0,0.6931471805599454,1.0986122886681098,0.6931471805599453,False,True,0.3685260458070226,Medium
0.9090909090909092,0.07735042735042742,0.9999999999999997,0.0,0.6931471805599453,0.0,0.0,0.6931471805599453,0.0,0.6931471805599454,0.0,0.0,False,False,0.8438209945548303,Medium
0.9090909090909092,2.645299145299145,0.0,0.0,0.0,0.0,0.0,0.0,0.0,0.0,0.6931471805599453,0.6931471805599453,True,False,0.24938718959820957,Medium
0.9090909090909092,1.8465811965811967,0.0,0.0,0.6931471805599453,0.0,0.6931471805599452,0.6931471805599453,0.0,0.6931471805599454,1.0986122886681098,0.6931471805599453,False,True,0.31936236710294663,Medium
0.9090909090909092,-0.11923076923076906,0.0,0.0,0.6931471805599453,0.0,0.6931471805599452,0.6931471805599453,0.0,0.0,0.6931471805599453,0.6931471805599453,False,True,1.0321556173084556,Medium
0.9090909090909092,1.897863247863248,0.0,0.0,0.0,0.0,0.0,0.0,0.0,0.6931471805599454,1.0986122886681098,0.0,False,False,0.3137107693957716,Medium
0.9045454545454544,0.8423076923076924,0.0,0.0,0.0,0.0,0.0,0.6931471805599453,0.0,0.0,0.0,0.6931471805599453,True,False,0.49098500664262656,Medium
0.8954545454545456,1.2846153846153845,0.0,0.0,0.0,0.0,0.6931471805599452,0.6931471805599453,0.0,0.0,1.0986122886681098,0.6931471805599453,True,False,0.3919498010407102,Medium
0.8863636363636362,1.333760683760684,0.0,0.0,0.6931471805599453,0.0,0.6931471805599452,0.6931471805599453,0.0,0.0,0.6931471805599453,0.6931471805599453,False,False,0.37980056932629713,Medium
0.8409090909090909,-0.2858974358974358,0.0,0.0,0.6931471805599453,-0.9999999999999999,0.0,0.0,0.0,0.6931471805599454,0.0,0.0,True,False,1.1775746694956748,Medium
0.8409090909090909,1.6670940170940174,0.0,0.0,0.0,0.0,0.0,0.0,0.0,0.0,0.6931471805599453,0.6931471805599453,True,False,0.31529038178613567,Medium
0.8181818181818183,-0.461111111111111,0.0,0.0,0.6931471805599453,0.0,0.0,0.6931471805599453,0.0,0.0,0.0,0.0,False,True,1.5182755388940956,Medium
0.8181818181818183,0.8636752136752137,0.0,0.0,0.0,0.0,0.0,0.6931471805599453,0.0,0.6931471805599454,0.0,0.6931471805599453,True,False,0.4390152383731839,Medium
0.7954545454545454,0.7012820512820512,-1.0,0.0,0.6931471805599453,0.0,0.0,0.0,0.0,0.6931471805599454,0.0,0.6931471805599453,False,True,0.46756182777283,Medium
0.7727272727272728,-0.2303418803418803,-1.0,0.0,0.0,-0.9999999999999999,0.6931471805599452,0.6931471805599453,0.0,0.0,0.0,0.0,True,False,1.0039876836101156,Medium
0.7727272727272728,1.5047008547008547,0.9999999999999997,0.0,0.6931471805599453,0.0,0.0,0.0,0.0,0.6931471805599454,1.0986122886681098,0.0,False,False,0.3085108033069132,Medium
0.7727272727272728,1.0773504273504275,0.0,0.0,0.0,0.0,0.6931471805599452,0.6931471805599453,0.0,0.0,0.0,0.6931471805599453,False,False,0.3719773335078828,Medium
0.7681818181818181,0.30811965811965825,-1.0,0.0,0.0,0.0,0.6931471805599452,0.6931471805599453,0.0,0.0,0.0,0.0,True,False,0.5872412461762345,Medium
0.7272727272727272,1.5414529914529915,0.0,0.0,0.0,0.0,0.6931471805599452,0.6931471805599453,0.6931471805599453,0.0,0.0,0.0,True,False,0.2861641469342831,Medium
0.7045454545454546,0.7987179487179488,0.0,0.0,0.6931471805599453,0.0,0.0,0.0,0.0,0.6931471805599454,0.0,0.0,True,False,0.3916931251214929,Medium
0.6863636363636364,0.05170940170940186,0.0,0.0,0.6931471805599453,0.0,0.0,0.0,0.0,0.0,0.6931471805599453,0.0,False,False,0.6526171918288942,Medium
0.681818181818182,0.18846153846153843,0.0,0.0,0.6931471805599453,0.0,0.0,0.6931471805599453,0.0,0.6931471805599454,0.0,0.0,True,False,0.5736981465136807,Medium
0.681818181818182,0.006837606837606829,0.0,0.0,0.6931471805599453,-0.9999999999999999,0.6931471805599452,0.6931471805599453,0.0,0.6931471805599454,0.0,0.0,True,False,0.6771878376292639,Medium
0.681818181818182,0.01752136752136751,-1.0,0.0,0.0,0.0,0.0,0.6931471805599453,0.0,0.0,0.6931471805599453,0.0,True,False,0.6700775075407585,Medium
0.681818181818182,0.5645299145299146,0.9999999999999997,0.0,0.6931471805599453,0.0,0.0,0.0,0.0,0.0,0.0,0.0,True,False,0.43579747212634407,Medium
0.681818181818182,0.29529914529914525,0.0,0.0,0.0,0.0,0.6931471805599452,0.6931471805599453,0.0,0.0,0.0,0.0,True,False,0.5263789328454458,Medium
0.681818181818182,0.9491452991452992,0.0,0.0,0.0,0.0,0.0,0.0,0.0,0.6931471805599454,1.0986122886681098,0.0,True,False,0.34980367144366276,Medium
0.681818181818182,0.7354700854700855,-1.0,0.0,0.0,0.0,0.6931471805599452,0.6931471805599453,0.0,0.6931471805599454,0.0,0.0,True,False,0.39287233328109966,Medium
0.681818181818182,-0.461111111111111,0.0,0.0,0.6931471805599453,0.0,0.0,0.6931471805599453,0.0,0.6931471805599454,0.0,0.0,True,False,1.2652296157450797,Medium
0.681818181818182,-0.4739316239316238,0.0,0.0,1.0986122886681098,0.0,0.0,0.0,0.0,0.0,0.0,0.0,True,False,1.2960638062181522,Medium
0.681818181818182,1.1286324786324786,0.0,0.0,0.0,0.0,0.0,0.0,0.0,0.0,0.0,0.0,False,True,0.32030807979412684,Medium
0.681818181818182,0.2423076923076924,0.0,0.0,0.6931471805599453,0.0,0.6931471805599452,0.6931471805599453,0.0,0.0,1.0986122886681098,0.0,True,False,0.54883197298058,Medium
0.6590909090909091,0.11581196581196596,-1.0,0.0,0.0,0.0,0.0,0.6931471805599453,0.0,0.0,0.0,0.0,False,True,0.5906827756693708,Medium
0.6363636363636364,0.03461538461538469,0.0,0.0,1.0986122886681098,0.0,0.0,0.0,0.0,0.0,0.0,0.0,False,True,0.615072659682325,Medium
0.6363636363636364,0.8380341880341878,0.0,0.0,0.0,0.0,0.0,0.0,0.0,0.0,1.0986122886681098,0.6931471805599453,True,False,0.34621969520830254,Medium
0.6363636363636364,1.189316239316239,0.0,0.0,0.6931471805599453,0.0,0.0,0.0,0.0,0.6931471805599454,1.0986122886681098,0.6931471805599453,False,False,0.29066775504409703,Medium
0.6363636363636364,0.3145299145299145,-1.0,0.0,0.0,0.0,0.0,0.0,0.0,0.6931471805599454,0.0,0.6931471805599453,True,False,0.4840997753871616,Medium
0.6136363636363638,1.2482905982905983,0.0,0.0,0.6931471805599453,0.0,0.0,0.6931471805599453,0.0,0.0,0.0,0.0,False,True,0.2729346304712205,Medium
0.5909090909090908,2.1739316239316233,-1.0,0.0,0.0,0.0,0.0,0.6931471805599453,0.0,0.6931471805599454,1.0986122886681098,0.0,True,False,0.18617574696745293,Medium
0.5909090909090908,0.9581196581196582,0.0,0.0,0.6931471805599453,0.0,0.0,0.6931471805599453,0.0,0.6931471805599454,0.6931471805599453,0.0,False,False,0.30177373913733574,Medium
0.5909090909090908,2.632905982905983,-1.0,0.0,0.0,0.0,0.0,0.0,0.0,0.6931471805599454,1.0986122886681098,0.6931471805599453,False,True,0.16265466094897923,Medium
0.5454545454545455,0.820940170940171,-1.0,0.0,0.0,0.0,0.0,0.6931471805599453,0.0,0.6931471805599454,0.6931471805599453,0.0,False,False,0.2995455612212242,Medium
0.5454545454545455,-0.19188034188034186,0.0,0.0,0.6931471805599453,0.0,0.0,0.0,0.0,0.0,1.0986122886681098,0.0,True,False,0.6749675496370368,Medium
0.5454545454545455,0.5645299145299146,-1.0,0.0,0.6931471805599453,0.0,0.0,0.0,0.0,0.0,0.0,0.6931471805599453,True,False,0.3486379777010752,Medium
0.5454545454545455,0.10299145299145297,0.0,0.0,0.0,0.0,0.0,0.0,0.0,0.0,0.0,0.6931471805599453,True,False,0.49452291219048294,Medium
0.5227272727272729,-0.14273504273504273,0.0,0.0,0.6931471805599453,0.0,0.0,0.6931471805599453,0.0,0.0,0.0,0.0,False,False,0.6097616242182545,Medium
0.5,0.03461538461538469,0.0,0.0,0.0,0.0,0.6931471805599452,0.6931471805599453,0.0,0.6931471805599454,0.0,0.0,False,True,0.48327137546468396,Medium
0.5,0.6841880341880342,0.0,0.0,0.6931471805599453,0.0,0.6931471805599452,0.0,0.0,0.6931471805599454,0.6931471805599453,0.0,True,False,0.296878964729764,Medium
0.5,-0.5166666666666666,-1.0,0.0,0.6931471805599453,0.0,0.6931471805599452,0.6931471805599453,0.0,0.0,0.0,0.6931471805599453,True,False,1.0344827586206895,Medium
0.5,0.3978632478632479,0.0,0.0,0.6931471805599453,0.0,0.0,0.6931471805599453,0.0,0.0,0.0,0.0,True,False,0.3576887801895445,Medium
0.47727272727272735,-0.0337606837606836,0.0,0.0,0.6931471805599453,0.0,0.0,0.0,0.0,0.0,0.6931471805599453,0.0,False,False,0.4939487756825218,Medium
0.47727272727272735,-0.1021367521367521,0.0,0.0,0.6931471805599453,0.0,0.0,0.0,0.0,0.0,0.6931471805599453,0.6931471805599453,True,False,0.5315650556012289,Medium
0.4545454545454547,-0.13632478632478623,0.0,0.0,0.0,0.0,0.0,0.0,0.0,0.0,1.0986122886681098,0.0,True,False,0.5262921146147274,Medium
0.4545454545454547,-0.18760683760683755,0.0,0.0,0.6931471805599453,0.0,0.0,0.0,0.0,0.6931471805599454,0.0,0.0,False,False,0.5595141313184451,Medium
0.4545454545454547,-0.6534188034188033,0.0,0.0,0.6931471805599453,0.0,0.0,0.6931471805599453,0.0,0.0,0.0,0.0,False,False,1.311512162313642,Medium
0.4545454545454547,0.5303418803418803,0.0,0.0,0.6931471805599453,0.0,0.6931471805599452,0.6931471805599453,0.0,0.0,0.0,0.6931471805599453,True,False,0.2970221624228886,Medium
0.4545454545454547,0.5474358974358975,0.0,0.0,0.6931471805599453,0.0,0.0,0.0,0.0,0.0,1.0986122886681098,0.6931471805599453,False,True,0.2937410559614372,Medium
0.4545454545454547,-0.23888888888888887,0.0,0.0,0.0,0.0,0.0,0.0,0.0,0.0,0.0,0.6931471805599453,True,False,0.5972130059721303,Medium
0.4318181818181818,-0.24316239316239308,0.0,0.0,1.0986122886681098,0.0,0.0,0.0,0.0,0.0,0.0,0.0,True,False,0.5705559262871516,Medium
0.4318181818181818,-0.26880341880341874,0.0,0.0,0.6931471805599453,0.0,0.0,0.6931471805599453,0.0,0.0,0.6931471805599453,0.0,True,False,0.5905637320014877,Medium
0.4318181818181818,2.47051282051282,0.0,0.0,0.0,0.0,0.0,0.0,0.0,0.0,0.0,0.0,True,False,0.12442489169493234,Medium
0.4318181818181818,-0.23888888888888887,-1.0,0.0,0.6931471805599453,0.0,0.0,0.0,0.0,0.0,0.0,0.6931471805599453,False,False,0.5673523556735236,Medium
0.40909090909090917,0.18418803418803426,0.9999999999999997,0.0,0.6931471805599453,0.0,0.0,0.0,0.0,0.6931471805599454,1.0986122886681098,0.0,True,False,0.3454611069190644,Medium
0.40909090909090917,0.7717948717948718,-1.0,0.0,0.0,0.0,0.0,0.0,0.0,0.6931471805599454,0.6931471805599453,0.0,False,True,0.2308906722799632,Medium
0.40909090909090917,-0.0337606837606836,0.0,0.0,0.6931471805599453,0.0,0.0,0.0,0.0,0.0,1.0986122886681098,0.0,False,False,0.423384664870733,Medium
0.40909090909090917,1.7824786324786326,0.0,0.0,0.0,0.0,0.0,0.0,0.0,0.0,0.0,0.0,False,False,0.14702391756607702,Medium
0.40909090909090917,-0.016666666666666632,0.0,0.0,0.6931471805599453,0.0,0.0,0.0,0.0,0.0,0.6931471805599453,0.0,True,False,0.416024653312789,Medium
0.40454545454545476,0.9747863247863248,-1.0,0.0,0.0,0.0,0.0,0.6931471805599453,0.0,0.6931471805599454,0.6931471805599453,0.0,False,False,0.2048553048336646,Medium
0.40454545454545476,-0.39188034188034176,0.0,0.0,0.6931471805599453,0.0,0.0,0.0,0.0,0.6931471805599454,0.6931471805599453,0.0,False,False,0.6652398901169108,Medium
0.40454545454545476,-0.24316239316239308,0.0,0.0,0.6931471805599453,0.0,0.0,0.0,0.0,0.0,0.0,0.0,True,False,0.5345208151532265,Medium
0.3863636363636365,-0.14059829059829054,-1.0,0.0,0.0,0.0,0.6931471805599452,0.6931471805599453,0.0,0.0,0.0,0.0,True,False,0.4495728041227794,Medium
0.3636363636363636,-0.04743589743589726,0.0,0.0,0.6931471805599453,-0.9999999999999999,0.0,0.0,0.0,0.0,0.0,0.0,True,False,0.38174476936253504,Medium
0.3636363636363636,0.350854700854701,-1.0,0.0,0.6931471805599453,0.0,0.0,0.6931471805599453,0.0,0.0,0.0,0.0,True,False,0.2691898421098041,Medium
0.3590909090909092,-0.5123931623931623,0.0,0.0,0.6931471805599453,0.0,0.0,0.0,0.0,0.0,0.0,0.6931471805599453,True,False,0.7364353437973071,Medium
0.3590909090909092,0.34230769230769237,0.0,0.0,0.0,0.0,0.0,0.0,0.0,0.0,1.0986122886681098,0.6931471805599453,False,True,0.2675175827038292,Medium
0.3590909090909092,0.35940170940170935,0.0,0.0,0.6931471805599453,0.0,0.0,0.0,0.0,0.0,0.6931471805599453,0.0,True,False,0.2641536395073019,Medium
0.3454545454545457,0.37222222222222234,0.9999999999999997,0.0,0.6931471805599453,0.0,0.0,0.0,0.0,0.6931471805599454,0.0,0.0,True,False,0.25174825174825194,Medium
0.340909090909091,-0.07649572649572633,0.0,0.0,0.6931471805599453,0.0,0.0,0.0,0.0,0.0,0.0,0.0,False,True,0.36914728029952465,Medium
0.31818181818181834,-0.0017094017094015522,0.0,0.0,0.0,0.0,0.6931471805599452,0.6931471805599453,0.0,0.0,1.0986122886681098,0.0,True,False,0.31872665006226664,Medium
0.31818181818181834,-0.24743589743589736,0.9999999999999997,0.0,0.6931471805599453,0.0,0.0,0.0,0.0,0.0,1.0986122886681098,0.0,False,False,0.42279696453461374,Medium
0.31818181818181834,1.0132478632478634,0.9999999999999997,0.0,0.6931471805599453,0.0,0.0,0.0,0.0,0.0,0.0,0.0,True,False,0.15804403620154,Medium
0.3045454545454545,-0.020085470085469945,-1.0,0.0,0.0,0.0,0.0,0.6931471805599453,0.0,0.0,0.0,0.0,False,False,0.31078777306426664,Medium
0.2954545454545454,0.13717948717948733,-1.0,0.0,0.0,0.0,0.0,0.0,0.0,0.0,0.6931471805599453,0.0,True,False,0.2598134672542789,Medium
0.2954545454545454,2.684188034188034,-1.0,0.0,0.0,0.0,0.0,0.0,0.0,0.0,0.6931471805599453,0.6931471805599453,True,False,0.08019529478756945,Medium
0.27727272727272745,-0.2901709401709401,0.0,0.0,0.6931471805599453,0.0,0.0,0.6931471805599453,0.0,0.0,1.0986122886681098,0.6931471805599453,True,False,0.39061901373761715,Medium
0.27272727272727276,0.9747863247863248,-1.0,0.0,0.0,0.0,0.0,0.0,0.0,0.0,0.0,0.0,False,False,0.13810469988786372,Medium
0.27272727272727276,0.9747863247863248,-1.0,0.0,0.6931471805599453,0.0,0.0,0.0,0.0,0.0,0.0,0.0,False,True,0.13810469988786372,Medium
0.27272727272727276,0.17991452991453005,-1.0,0.0,0.0,0.0,0.0,0.0,0.0,0.6931471805599454,1.0986122886681098,0.0,False,False,0.23114154950446147,Medium
0.27272727272727276,-0.8136752136752134,0.0,0.0,0.6931471805599453,-0.9999999999999999,0.6931471805599452,0.6931471805599453,0.0,0.6931471805599454,0.0,0.0,False,True,1.4637197664720585,Medium
0.27272727272727276,0.12008547008547014,0.9999999999999997,0.0,0.6931471805599453,0.0,0.0,0.0,0.0,0.0,0.0,0.0,False,False,0.2434879123166037,Medium
0.27272727272727276,1.5773504273504273,-1.0,0.0,0.0,0.0,0.0,0.0,0.0,0.0,0.6931471805599453,0.0,False,False,0.10581691563286658,Medium
0.2500000000000001,1.0987179487179488,0.0,0.0,0.6931471805599453,0.0,0.6931471805599452,0.0,0.0,0.0,0.0,0.0,True,False,0.11912034208918759,Medium
0.2500000000000001,-0.5521367521367521,0.0,0.0,0.0,0.0,0.0,0.6931471805599453,0.0,0.0,0.0,0.6931471805599453,False,False,0.5582061068702292,Medium
0.2272727272727275,0.6072649572649573,0.0,0.0,0.6931471805599453,0.0,0.0,0.0,0.0,0.6931471805599454,0.0,0.0,False,True,0.14140339851586872,Medium
0.2272727272727275,0.41068376068376067,0.0,0.0,0.6931471805599453,0.0,0.0,0.6931471805599453,0.0,0.6931471805599454,0.0,0.0,False,True,0.16110820412547178,Medium
0.2272727272727275,0.7568376068376069,-1.0,0.0,0.0,0.0,0.6931471805599452,0.6931471805599453,0.0,0.0,1.0986122886681098,0.0,True,False,0.12936467570376609,Medium
0.2272727272727275,-0.48119658119658104,0.0,0.0,0.6931471805599453,0.0,0.0,0.6931471805599453,0.0,0.6931471805599454,0.0,0.0,False,True,0.43807098996555366,Medium
0.2272727272727275,0.1414529914529915,-1.0,0.0,0.0,-0.9999999999999999,0.0,0.0,0.0,0.0,0.6931471805599453,0.0,False,True,0.19910826724754113,Medium
0.2272727272727275,-0.7495726495726496,0.0,0.0,0.6931471805599453,-0.9999999999999999,0.0,0.0,0.0,0.0,0.0,0.0,True,False,0.9075395594166934,Medium
0.2272727272727275,0.7354700854700855,0.0,0.0,0.0,0.0,0.0,0.0,0.6931471805599453,0.0,1.0986122886681098,0.0,True,False,0.13095744442703333,Medium
0.2272727272727275,0.0,0.0,0.0,1.0986122886681098,0.0,0.0,0.0,0.0,0.0,0.0,0.0,True,False,0.2272727272727275,Medium
0.2272727272727275,-0.23888888888888887,0.0,0.0,0.6931471805599453,0.0,0.0,0.0,0.0,0.0,0.0,0.6931471805599453,True,False,0.29860650298606534,Medium
0.2272727272727275,-0.8264957264957262,0.0,0.0,1.0986122886681098,0.0,0.0,0.0,0.0,0.0,0.6931471805599453,0.6931471805599453,False,True,1.3098969995521712,Medium
0.2272727272727275,0.17991452991453005,0.0,0.0,0.0,0.0,0.0,0.6931471805599453,0.0,0.0,0.0,0.0,False,False,0.19261795792038472,Medium
0.2227272727272728,-0.26880341880341874,0.0,0.0,0.6931471805599453,0.0,0.0,0.0,0.0,0.0,0.6931471805599453,0.0,True,False,0.3046065565060306,Low
0.20454545454545459,0.3252136752136752,0.0,0.0,0.6931471805599453,0.0,0.0,0.0,0.0,0.0,0.6931471805599453,0.0,True,False,0.15434903696754715,Low
0.20454545454545459,0.00042735042735054303,0.0,0.0,0.6931471805599453,0.0,0.0,0.0,0.0,0.0,1.0986122886681098,0.0,True,False,0.20445807929789134,Low
0.20454545454545459,-0.014102564102563993,0.0,0.0,0.6931471805599453,0.0,0.0,0.6931471805599453,0.0,0.0,0.6931471805599453,0.0,True,False,0.20747133230878356,Low
0.18181818181818193,0.23632478632478646,0.9999999999999997,0.0,0.6931471805599453,0.0,0.0,0.0,0.0,0.6931471805599454,0.0,0.0,True,False,0.14706344467837737,Low
0.18181818181818193,0.8145299145299145,0.0,0.0,0.0,0.0,0.0,0.6931471805599453,0.0,0.0,0.0,0.0,True,False,0.10020125893889442,Low
0.17727272727272725,0.8465811965811966,-1.0,0.0,0.0,0.0,0.0,0.6931471805599453,0.0,0.0,0.6931471805599453,0.0,True,False,0.09600050493362225,Low
0.16136363636363651,-0.20470085470085453,0.0,0.0,0.0,0.0,0.0,0.6931471805599453,0.0,0.6931471805599454,0.0,0.6931471805599453,False,False,0.20289678081188037,Low
0.15909090909090928,-0.016666666666666632,-1.0,0.0,0.6931471805599453,0.0,0.0,0.0,0.0,0.0,0.6931471805599453,0.0,True,False,0.16178736517719586,Low
0.15909090909090928,0.6500000000000001,-1.0,0.0,0.0,0.0,0.0,0.0,0.0,0.6931471805599454,0.0,0.0,True,False,0.09641873278236926,Low
0.13636363636363638,0.11153846153846156,0.0,0.0,0.0,0.0,0.0,0.0,0.0,0.0,0.0,0.0,True,False,0.12268008807801196,Low
0.13636363636363638,-0.461111111111111,0.9999999999999997,0.0,1.0986122886681098,0.0,0.0,0.6931471805599453,0.0,0.6931471805599454,1.0986122886681098,0.0,True,False,0.2530459231490159,Low
0.13636363636363638,0.10299145299145297,0.0,0.0,0.6931471805599453,0.0,0.0,0.0,0.0,0.0,1.0986122886681098,0.6931471805599453,False,False,0.12363072804762074,Low
0.10227272727272742,0.17991452991453005,0.0,0.0,0.6931471805599453,-0.9999999999999999,0.0,0.6931471805599453,0.0,0.6931471805599454,0.0,0.0,True,False,0.08667808106417317,Low
0.10227272727272742,-0.2645299145299144,0.9999999999999997,0.0,0.6931471805599453,0.0,0.0,0.0,0.0,0.6931471805599454,0.0,0.0,True,False,0.13905763034176766,Low
0.0909090909090911,0.00897435897435913,0.9999999999999997,0.0,0.0,-0.9999999999999999,0.0,0.6931471805599453,0.0,0.0,0.0,0.0,False,True,0.09010049670786664,Low
0.0909090909090911,1.026068376068376,0.0,0.0,0.6931471805599453,-0.9999999999999999,0.0,0.0,0.0,0.6931471805599454,0.6931471805599453,0.0,True,False,0.04486970527890175,Low
0.0909090909090911,-0.05085470085470078,0.0,0.0,0.6931471805599453,0.0,0.0,0.0,0.0,0.0,0.0,0.0,False,False,0.09577995170070831,Low
0.0909090909090911,-0.012393162393162235,-1.0,0.0,0.6931471805599453,0.0,0.6931471805599452,0.6931471805599453,0.0,0.0,0.0,0.6931471805599453,False,True,0.09204988002045571,Low
0.04545454545454555,0.6072649572649573,0.9999999999999997,0.0,0.6931471805599453,0.0,0.6931471805599452,0.6931471805599453,0.0,0.0,0.0,0.0,True,False,0.02828067970317378,Low
0.04545454545454555,-0.461111111111111,0.0,0.0,0.6931471805599453,0.0,0.0,0.0,0.0,0.0,0.0,0.0,True,False,0.08434864104967214,Low
0.04545454545454555,-0.33717948717948704,-1.0,0.0,0.0,0.0,0.0,0.0,0.6931471805599453,0.0,0.6931471805599453,0.0,False,False,0.06857745735888883,Low
0.04545454545454555,-0.11239316239316234,-1.0,0.0,0.0,0.0,0.0,0.6931471805599453,0.0,0.6931471805599454,1.0986122886681098,0.0,False,False,0.051210224537138464,Low
0.04545454545454555,1.70982905982906,0.0,0.0,0.0,0.0,0.0,0.0,0.0,0.6931471805599454,1.0986122886681098,0.0,True,False,0.016773953061604886,Low
0.02272727272727291,-0.12777777777777766,-1.0,0.0,0.6931471805599453,0.0,0.6931471805599452,0.6931471805599453,0.0,0.0,0.0,0.0,True,False,0.026056745801968935,Low
0.0,1.3132478632478635,0.0,0.0,0.6931471805599453,0.0,0.0,0.0,0.0,0.6931471805599454,0.0,0.0,False,False,0.0,Low
0.0,0.00042735042735054303,-1.0,0.0,0.0,0.0,0.0,0.0,0.0,0.0,0.0,0.0,True,False,0.0,Low
0.0,-0.0978632478632477,-1.0,0.0,0.0,0.0,0.0,0.0,0.0,0.0,0.0,0.0,True,False,0.0,Low
0.0,-0.8820512820512819,0.0,0.0,0.6931471805599453,0.0,0.0,0.6931471805599453,0.0,0.0,0.0,0.6931471805599453,True,False,0.0,Low
0.0,-0.8132478632478631,-1.0,0.0,0.6931471805599453,0.0,0.6931471805599452,0.0,0.0,0.0,0.0,0.6931471805599453,True,False,0.0,Low
-0.009090909090908846,-0.3115384615384615,0.0,0.0,0.6931471805599453,0.0,0.0,0.0,0.0,0.0,0.0,0.0,False,True,-0.013204672422549161,Low
-0.04545454545454529,0.31666666666666665,0.0,0.0,0.6931471805599453,0.0,0.0,0.0,0.0,0.0,0.0,0.0,True,False,-0.0345224395857306,Low
-0.04545454545454529,-0.2816239316239316,-1.0,0.0,0.6931471805599453,0.0,0.0,0.0,0.6931471805599453,0.0,0.6931471805599453,0.0,True,False,-0.06327402520144912,Low
-0.04545454545454529,-0.20470085470085453,-1.0,0.0,0.0,0.0,0.0,0.0,0.0,0.0,0.0,0.0,True,False,-0.0571540227639097,Low
-0.04545454545454529,0.7482905982905982,-1.0,0.0,0.0,0.0,0.0,0.0,0.0,0.0,1.0986122886681098,0.0,False,True,-0.02599942223506135,Low
-0.04545454545454529,-0.5226495726495725,0.0,0.0,1.0986122886681098,0.0,0.0,0.0,0.0,0.0,0.0,0.6931471805599453,False,False,-0.09522259298445473,Low
-0.04545454545454529,1.8465811965811967,-1.0,0.0,0.0,0.0,0.0,0.0,0.0,0.0,0.6931471805599453,0.0,False,False,-0.015968118355147273,Low
-0.049999999999999975,1.7824786324786326,0.0,0.0,0.0,0.0,0.0,0.0,0.0,0.0,1.0986122886681098,0.0,False,False,-0.017969589924742735,Low
-0.049999999999999975,1.2183760683760685,0.9999999999999997,0.0,0.6931471805599453,-0.9999999999999999,0.0,0.0,0.0,0.0,0.6931471805599453,0.0,False,False,-0.022539009824696577,Low
-0.06818181818181793,-0.25598290598290596,-1.0,0.0,0.0,0.0,0.0,0.0,0.0,0.0,0.0,0.6931471805599453,True,False,-0.09164012323116252,Low
-0.09090909090909084,-0.20470085470085453,0.0,0.0,0.0,0.0,0.0,0.0,0.0,0.0,0.6931471805599453,0.0,False,True,-0.11430804552781973,Low
-0.09090909090909084,-0.016666666666666632,-1.0,0.0,0.0,0.0,0.0,0.0,0.0,0.0,0.0,0.0,True,False,-0.09244992295839746,Low
-0.09090909090909084,0.8294871794871794,0.0,0.0,0.0,0.0,0.0,0.0,0.0,0.0,0.0,0.0,True,False,-0.049691023762502354,Low
-0.09090909090909084,-0.012393162393162235,-1.0,0.0,0.0,0.0,0.0,0.0,0.0,0.0,0.0,0.0,False,False,-0.09204988002045544,Low
-0.09090909090909084,-0.21153846153846145,-1.0,0.0,0.0,0.0,0.0,0.0,0.6931471805599453,0.0,0.0,0.0,True,False,-0.11529933481152983,Low
-0.09545454545454526,-0.4098290598290597,0.0,0.0,0.6931471805599453,-0.9999999999999999,0.0,0.6931471805599453,0.6931471805599453,0.0,0.0,0.0,True,False,-0.16174050424593472,Low
-0.09545454545454526,0.585897435897436,-1.0,0.0,0.0,0.0,0.0,0.0,0.0,0.0,0.0,0.0,False,False,-0.060189608289850684,Low
-0.11363636363636348,-0.19188034188034186,-1.0,0.0,0.0,0.0,0.0,0.6931471805599453,0.0,0.0,0.0,0.0,False,False,-0.1406182395077158,Low
-0.11363636363636348,-0.19188034188034186,-1.0,0.0,0.0,0.0,0.0,0.0,0.0,0.6931471805599454,0.0,0.0,False,True,-0.1406182395077158,Low
-0.11363636363636348,0.667094017094017,-1.0,0.0,0.0,-0.9999999999999999,0.0,0.0,0.0,0.0,0.0,0.0,True,False,-0.06816434014588325,Low
-0.11363636363636348,-0.20470085470085453,-1.0,0.0,0.0,0.0,0.0,0.0,0.0,0.0,0.0,0.0,False,False,-0.14288505690977457,Low
-0.13636363636363613,0.08589743589743601,-1.0,0.0,0.0,0.0,0.0,0.0,0.0,0.6931471805599454,1.0986122886681098,0.0,True,False,-0.12557690243640635,Low
-0.13636363636363613,-0.21752136752136741,0.0,0.0,0.6931471805599453,0.0,0.0,0.6931471805599453,0.0,0.0,0.0,0.0,True,False,-0.17427138672359832,Low
-0.13636363636363613,-0.38418803418803404,0.0,0.0,0.6931471805599453,-0.9999999999999999,0.0,0.6931471805599453,0.0,0.0,0.0,0.0,True,False,-0.22143713330389206,Low
-0.13636363636363613,-0.461111111111111,-1.0,0.0,0.6931471805599453,0.0,0.0,0.0,0.0,0.6931471805599454,0.0,0.0,False,False,-0.2530459231490155,Low
-0.13636363636363613,0.8038461538461539,0.0,0.0,0.6931471805599453,0.0,0.6931471805599452,0.6931471805599453,0.0,0.0,0.0,0.0,False,True,-0.07559604574529935,Low
-0.13636363636363613,-0.770940170940171,0.0,0.0,1.0986122886681098,0.0,0.0,0.0,0.6931471805599453,0.6931471805599454,0.0,0.6931471805599453,True,False,-0.5953188602442324,Low
-0.14090909090909082,-0.23888888888888887,0.0,0.0,0.0,0.0,0.0,0.0,0.0,0.0,1.0986122886681098,0.6931471805599453,False,True,-0.1851360318513602,Low
-0.15909090909090903,0.17991452991453005,-1.0,0.0,0.0,0.0,0.0,0.0,0.0,0.0,0.0,0.0,True,False,-0.13483257054426911,Low
-0.15909090909090903,-0.0337606837606836,-1.0,0.0,0.0,0.0,0.0,0.0,0.0,0.0,0.0,0.6931471805599453,True,False,-0.16464959189417386,Low
-0.18181818181818168,-0.39700854700854693,0.0,0.0,0.6931471805599453,0.0,0.0,0.6931471805599453,0.0,0.0,0.0,0.0,False,False,-0.3015269634688484,Low
-0.18181818181818168,0.17991452991453005,-1.0,0.0,0.0,-0.9999999999999999,0.0,0.0,0.0,0.0,0.0,0.0,False,False,-0.15409436633630752,Low
-0.18181818181818168,-0.18760683760683755,-1.0,0.0,0.0,0.0,0.0,0.0,0.0,0.0,0.0,0.0,False,True,-0.22380565252737777,Low
-0.2045454545454543,-0.0978632478632477,0.0,0.0,0.0,0.0,0.0,0.0,0.0,0.0,1.0986122886681098,0.0,False,True,-0.22673442142887873,Low
-0.22727272727272724,0.06880341880341884,0.0,0.0,0.6931471805599453,0.0,0.0,0.0,0.0,0.6931471805599454,0.0,0.0,True,False,-0.21264221584093632,Low
-0.22727272727272724,-0.18333333333333326,0.0,0.0,0.6931471805599453,0.0,0.0,0.0,0.0,0.0,0.0,0.0,False,True,-0.2782931354359925,Low
-0.22727272727272724,0.22264957264957277,0.9999999999999997,0.0,0.6931471805599453,0.0,0.0,0.0,0.0,0.0,0.0,0.0,True,False,-0.1858854183216294,Low
-0.22727272727272724,-0.4457264957264957,0.0,0.0,0.6931471805599453,0.0,0.0,0.6931471805599453,0.0,0.0,0.0,0.0,True,False,-0.4100371486647507,Low
-0.22727272727272724,-0.038034188034187996,0.0,0.0,0.6931471805599453,0.0,0.0,0.0,0.0,0.0,0.0,0.0,True,False,-0.23625863252695767,Low
-0.22727272727272724,1.4294871794871795,0.0,0.0,0.0,-0.9999999999999999,0.0,0.0,0.0,0.0,0.0,0.0,False,True,-0.09354761333653151,Low
-0.22727272727272724,-0.25598290598290596,0.0,0.0,0.0,-0.9999999999999999,0.0,0.0,0.0,0.6931471805599454,0.0,0.0,False,True,-0.30546707743720947,Low
-0.22727272727272724,-0.18760683760683755,-1.0,0.0,0.0,0.0,0.0,0.0,0.0,0.0,0.6931471805599453,0.0,True,False,-0.27975706565922237,Low
-0.22727272727272724,0.7782051282051283,-1.0,0.0,0.0,0.0,0.0,0.0,0.0,0.0,0.6931471805599453,0.0,False,False,-0.12781018548862813,Low
-0.22727272727272724,-0.4098290598290597,0.0,0.0,0.6931471805599453,0.0,0.0,0.0,0.0,0.0,0.6931471805599453,0.0,False,True,-0.3850964386807977,Low
-0.22727272727272724,1.397863247863248,-1.0,0.0,0.0,0.0,0.0,0.0,0.0,0.0,0.6931471805599453,0.0,True,False,-0.09478135480630577,Low
-0.22727272727272724,-0.2423076923076922,-1.0,0.0,0.0,0.0,0.0,0.0,0.0,0.0,0.6931471805599453,0.6931471805599453,False,True,-0.29995385325334556,Low
-0.22727272727272724,0.7696581196581197,-1.0,0.0,0.0,0.0,0.0,0.0,0.0,0.0,0.0,0.0,False,True,-0.12842747689403086,Low
-0.23181818181818165,0.350854700854701,0.0,0.0,0.6931471805599453,-0.9999999999999999,0.0,0.0,0.0,0.0,0.0,0.0,False,True,-0.171608524345,Low
-0.24999999999999986,-0.43547008547008537,0.0,0.0,0.0,0.0,0.0,0.0,0.0,0.0,0.0,0.0,False,True,-0.4428463285389853,Low
-0.24999999999999986,0.5303418803418803,-1.0,0.0,0.0,0.0,0.0,0.0,0.0,0.0,0.6931471805599453,0.6931471805599453,False,True,-0.1633621893325886,Low
-0.24999999999999986,-0.8264957264957262,0.0,0.0,1.0986122886681098,0.0,0.0,0.0,0.0,0.0,0.0,0.6931471805599453,False,False,-1.4408866995073861,Low
-0.2727272727272725,-0.0337606837606836,-1.0,0.0,0.0,0.0,0.0,0.0,0.0,0.0,0.0,0.0,False,True,-0.28225644324715504,Low
-0.2727272727272725,-0.38205128205128197,-1.0,0.0,0.0,0.0,0.0,0.0,0.0,0.0,1.0986122886681098,0.0,False,True,-0.44134288947566913,Low
-0.2727272727272725,-0.0978632478632477,0.0,0.0,0.0,0.0,0.0,0.0,0.0,0.0,0.0,0.0,False,True,-0.30231256190517175,Low
-0.2727272727272725,-0.8264957264957262,0.0,0.0,1.0986122886681098,0.0,0.0,0.0,0.0,0.0,0.0,0.6931471805599453,False,False,-1.5718763994626026,Low
-0.2727272727272725,-0.6277777777777777,0.0,0.0,0.6931471805599453,0.0,0.0,0.6931471805599453,0.0,0.0,0.0,0.6931471805599453,False,True,-0.7327001356852094,Low
-0.27727272727272717,-0.016666666666666632,-1.0,0.0,0.0,0.0,0.0,0.0,0.0,0.0,0.0,0.0,False,True,-0.28197226502311235,Low
-0.29545454545454514,0.30170940170940175,0.0,0.0,0.6931471805599453,0.0,0.6931471805599452,0.6931471805599453,0.0,0.6931471805599454,0.6931471805599453,0.0,False,False,-0.22697427326448968,Low
-0.29545454545454514,-0.26880341880341874,0.0,0.0,0.0,0.0,0.0,0.6931471805599453,0.0,0.0,1.0986122886681098,0.0,False,True,-0.40406992189575425,Low
-0.29545454545454514,-0.18760683760683755,-1.0,0.0,0.0,0.0,0.0,0.0,0.0,0.0,0.0,0.0,False,False,-0.36368418535698877,Low
-0.31818181818181807,-0.24743589743589736,0.9999999999999997,0.0,0.6931471805599453,0.0,0.0,0.0,0.0,0.6931471805599454,1.0986122886681098,0.0,False,True,-0.4227969645346134,Low
-0.31818181818181807,0.37649572649572655,0.9999999999999997,0.0,1.0986122886681098,-0.9999999999999999,0.0,0.0,0.0,0.0,0.0,0.0,True,False,-0.23115350963845213,Low
-0.31818181818181807,0.01752136752136751,-1.0,0.0,0.6931471805599453,0.0,0.0,0.0,0.0,0.0,0.0,0.0,False,True,-0.3127028368523538,Low
-0.31818181818181807,0.2867521367521369,-1.0,0.0,0.0,0.0,0.0,0.0,0.0,0.0,0.0,0.0,False,True,-0.24727514265873604,Low
-0.31818181818181807,-0.1534188034188034,-1.0,0.0,0.0,-0.9999999999999999,0.0,0.0,0.0,0.6931471805599454,0.0,0.0,False,True,-0.3758432380340506,Low
-0.31818181818181807,-0.14059829059829054,0.0,0.0,0.0,0.0,0.0,0.0,0.0,0.0,0.0,0.0,False,True,-0.3702364269246416,Low
-0.31818181818181807,-0.4183760683760683,0.0,0.0,0.6931471805599453,-0.9999999999999999,0.0,0.6931471805599453,0.0,0.0,0.0,0.0,True,False,-0.5470576447799075,Low
-0.31818181818181807,-0.38205128205128197,-1.0,0.0,0.0,0.0,0.0,0.6931471805599453,0.0,0.0,1.0986122886681098,0.0,False,False,-0.5149000377216143,Low
-0.32272727272727264,-0.5893162393162393,0.0,0.0,0.0,-0.9999999999999999,0.0,0.0,0.0,0.0,0.0,0.0,False,False,-0.7858291552360229,Low
-0.33636363636363614,-0.8264957264957262,0.0,0.0,0.6931471805599453,0.0,0.0,0.6931471805599453,0.0,0.0,0.0,0.6931471805599453,False,False,-1.9386475593372101,Low
-0.3409090909090907,-0.016666666666666632,-1.0,0.0,0.0,0.0,0.0,0.0,0.0,0.0,0.6931471805599453,0.0,False,True,-0.34668721109399053,Low
-0.3409090909090907,0.29743589743589754,0.9999999999999997,0.0,0.6931471805599453,0.0,0.0,0.0,0.0,0.0,0.0,0.0,False,True,-0.2627560186848723,Low
-0.3636363636363635,-0.6747863247863246,-1.0,0.0,0.0,-0.9999999999999999,0.0,0.0,0.0,0.6931471805599454,0.0,0.0,False,True,-1.118145980169632,Low
-0.3636363636363635,-0.38418803418803404,0.9999999999999997,0.0,0.6931471805599453,0.0,0.0,0.6931471805599453,0.0,0.6931471805599454,0.0,0.0,False,True,-0.590499022143713,Low
-0.3636363636363635,0.8465811965811966,0.0,0.0,0.0,0.0,0.6931471805599452,0.6931471805599453,0.0,0.0,0.0,0.0,False,False,-0.19692411268435328,Low
-0.3636363636363635,-0.25598290598290596,0.9999999999999997,0.0,0.6931471805599453,-0.9999999999999999,0.0,0.0,0.0,0.0,0.6931471805599453,0.0,True,False,-0.48874732389953507,Low
-0.3636363636363635,-0.12264957264957257,0.9999999999999997,0.0,0.6931471805599453,0.0,0.0,0.0,0.0,0.0,0.0,0.0,True,False,-0.4144710623035024,Low
-0.3636363636363635,-0.016666666666666632,-1.0,0.0,0.0,0.0,0.0,0.0,0.0,0.0,0.0,0.0,False,True,-0.36979969183358996,Low
-0.3636363636363635,-0.8264957264957262,0.0,0.0,0.6931471805599453,0.0,0.0,0.6931471805599453,0.0,0.0,0.0,0.6931471805599453,False,False,-2.095835199283471,Low
-0.3636363636363635,0.7696581196581197,0.0,0.0,0.0,0.0,0.0,0.0,0.0,0.0,0.6931471805599453,0.0,False,True,-0.2054839630304493,Low
-0.38636363636363624,0.17991452991453005,-1.0,0.0,0.0,-0.9999999999999999,0.0,0.0,0.0,0.0,0.0,0.0,True,False,-0.3274505284646536,Low
-0.38636363636363624,-0.06367521367521356,-1.0,0.0,0.0,-0.9999999999999999,0.0,0.0,0.0,0.0,0.0,0.0,False,True,-0.4126384797311313,Low
-0.3999999999999998,-0.18760683760683755,0.9999999999999997,0.0,0.6931471805599453,0.0,0.0,0.6931471805599453,0.0,0.0,0.0,0.0,False,True,-0.4923724355602312,Low
-0.4090909090909089,0.12435897435897433,0.0,0.0,0.6931471805599453,0.0,0.0,0.0,0.0,0.0,0.0,0.0,False,True,-0.3638436819736704,Low
-0.4090909090909089,-0.596153846153846,-1.0,0.0,0.0,0.0,0.0,0.0,0.0,0.6931471805599454,0.6931471805599453,0.0,False,True,-1.0129870129870122,Low
-0.4090909090909089,0.10299145299145297,0.0,0.0,0.0,-0.9999999999999999,0.0,0.0,0.0,0.0,0.6931471805599453,0.0,False,True,-0.37089218414286196,Low
-0.4090909090909089,-0.4098290598290597,0.0,0.0,0.6931471805599453,-0.9999999999999999,0.0,0.0,0.0,0.0,0.0,0.0,False,False,-0.6931735896254356,Low
-0.4545454545454545,-0.26880341880341874,-2.0,0.0,0.0,0.0,0.0,0.0,0.0,0.0,0.0,0.0,False,False,-0.6216460336857764,Low
-0.4545454545454545,-0.24743589743589736,-1.0,0.0,0.0,-0.9999999999999999,0.0,0.6931471805599453,0.0,0.0,0.0,0.0,True,False,-0.6039956636208764,Low
-0.4545454545454545,0.006837606837606829,-1.0,0.0,0.0,0.0,0.0,0.0,0.0,0.0,1.0986122886681098,0.0,True,False,-0.4514585584195091,Low
-0.4545454545454545,-1.038034188034188,0.0,0.0,0.6931471805599453,-0.9999999999999999,0.0,0.6931471805599453,0.0,0.0,0.0,0.0,False,True,11.950970377936711,Low
-0.4545454545454545,-0.26880341880341874,0.0,0.0,0.6931471805599453,0.0,0.0,0.6931471805599453,0.0,0.0,0.0,0.0,True,False,-0.6216460336857764,Low
-0.4545454545454545,1.1414529914529916,-1.0,0.0,0.0,0.0,0.0,0.0,0.0,0.0,0.0,0.0,True,False,-0.21226030006712499,Low
-0.4545454545454545,2.102991452991453,0.0,0.0,0.6931471805599453,0.0,0.0,0.0,0.0,0.0,1.0986122886681098,0.0,True,False,-0.14648620901203188,Low
-0.4545454545454545,-0.4316239316239315,-1.0,0.0,0.0,0.0,0.0,0.0,0.0,0.0,0.6931471805599453,0.0,False,True,-0.799726589200273,Low
-0.4590909090909089,0.17991452991453005,0.0,0.0,0.6931471805599453,0.0,0.0,0.0,0.0,0.6931471805599454,0.0,0.0,False,True,-0.3890882749991766,Low
-0.468181818181818,0.6051282051282051,0.0,0.0,0.0,0.0,0.0,0.6931471805599453,0.0,0.0,0.0,0.0,False,True,-0.2916787685158291,Low
-0.4747727272727272,-0.7183760683760682,0.0,0.0,0.0,0.0,0.0,0.0,0.0,0.0,0.0,0.6931471805599453,True,False,-1.68583942612774,Low
-0.47727272727272707,-0.461111111111111,0.0,0.0,0.0,-0.9999999999999999,0.0,0.0,0.0,0.6931471805599454,0.0,0.0,False,True,-0.8856607310215553,Low
-0.47727272727272707,-0.0978632478632477,0.0,0.0,0.6931471805599453,0.0,0.0,0.0,0.0,0.0,0.0,0.0,False,True,-0.5290469833340508,Low
-0.47727272727272707,-0.24743589743589736,-1.0,0.0,0.0,0.0,0.0,0.0,0.0,0.0,0.0,0.0,False,True,-0.6341954468019201,Low
-0.4954545454545453,1.7183760683760685,-1.0,0.0,0.0,0.0,0.0,0.0,0.0,0.0,0.6931471805599453,0.0,False,True,-0.1822612225064669,Low
-0.4999999999999999,0.37649572649572655,-1.0,0.0,0.0,0.0,0.0,0.6931471805599453,0.0,0.6931471805599454,0.0,0.0,False,True,-0.3632412294318534,Low
-0.4999999999999999,-0.82008547008547,0.0,0.0,0.6931471805599453,-0.9999999999999999,0.0,0.6931471805599453,0.0,0.0,0.0,0.0,True,False,-2.779097387173394,Low
-0.4999999999999999,-0.4226495726495726,-1.0,0.0,0.0,0.0,0.6931471805599452,0.6931471805599453,0.0,0.0,0.0,0.0,False,True,-0.866025166543301,Low
-0.4999999999999999,0.17991452991453005,-1.0,0.0,0.6931471805599453,0.0,0.0,0.0,0.6931471805599453,0.0,0.6931471805599453,0.0,True,False,-0.42375950742484586,Low
-0.5227272727272725,-0.11923076923076906,-1.0,0.0,0.0,0.0,0.0,0.0,0.0,0.0,0.0,0.0,False,True,-0.5934894799523617,Low
-0.5454545454545453,-0.4226495726495726,0.0,0.0,0.6931471805599453,-0.9999999999999999,0.0,0.0,0.0,0.0,0.0,0.0,True,False,-0.9447547271381465,Low
-0.5454545454545453,-0.3585470085470085,0.0,0.0,0.6931471805599453,0.0,0.0,0.0,0.0,0.0,1.0986122886681098,0.0,True,False,-0.8503421961116828,Low
-0.5454545454545453,-0.5316239316239315,-1.0,0.0,0.0,0.0,0.0,0.0,0.0,0.0,0.0,0.0,True,False,-1.164565361645653,Low
-0.5454545454545453,0.22264957264957277,-1.0,0.0,0.0,0.0,0.0,0.0,0.0,0.0,0.0,0.0,False,False,-0.44612500397191046,Low
-0.5454545454545453,0.4260683760683761,0.0,0.0,0.0,-0.9999999999999999,0.0,0.0,0.0,0.0,0.0,0.0,False,True,-0.3824883537199988,Low
-0.5454545454545453,-0.14059829059829054,0.0,0.0,0.6931471805599453,0.0,0.0,0.0,0.0,0.0,0.0,0.0,False,True,-0.6346910175850999,Low
-0.5499999999999998,1.697008547008547,-1.0,0.0,0.0,0.0,0.0,0.0,0.0,0.0,0.0,0.0,False,True,-0.20392964664870852,Low
-0.5681818181818179,0.11666666666666663,0.9999999999999997,0.0,0.6931471805599453,-0.9999999999999999,0.0,0.0,0.0,0.0,0.6931471805599453,0.0,False,True,-0.5088195386702846,Low
-0.577272727272727,-0.461111111111111,-1.0,0.0,0.6931471805599453,0.0,0.0,0.0,0.0,0.0,0.0,0.0,True,False,-1.0712277413308335,Low
-0.5909090909090907,0.7568376068376069,0.0,0.0,0.6931471805599453,0.0,0.0,0.6931471805599453,0.0,0.0,0.6931471805599453,0.0,False,True,-0.33634815682979136,Low
-0.5909090909090907,0.37649572649572655,-1.0,0.0,0.0,0.0,0.0,0.0,0.0,0.0,0.0,0.0,False,True,-0.42928508932855397,Low
-0.5909090909090907,-0.20470085470085453,0.0,0.0,0.6931471805599453,-0.9999999999999999,0.0,0.0,0.0,0.0,0.6931471805599453,0.0,False,True,-0.7430022959308286,Low
-0.5909090909090907,-0.17905982905982898,0.9999999999999997,0.0,0.6931471805599453,-0.9999999999999999,0.0,0.0,0.0,0.0,0.0,0.0,False,True,-0.7197955610240875,Low
-0.5909090909090907,-0.25598290598290596,0.0,0.0,0.6931471805599453,-0.9999999999999999,0.0,0.0,0.0,0.0,0.6931471805599453,0.0,True,False,-0.7942144013367446,Low
-0.5909090909090907,-0.5893162393162393,-1.0,0.0,0.0,-0.9999999999999999,0.0,0.0,0.0,0.0,0.0,0.0,False,False,-1.438842115220887,Low
-0.5909090909090907,-0.39700854700854693,0.0,0.0,0.6931471805599453,-0.9999999999999999,0.0,0.0,0.0,0.0,0.0,0.0,False,True,-0.9799626312737577,Low
-0.5909090909090907,1.0837606837606835,0.0,0.0,0.6931471805599453,0.0,0.0,0.0,0.0,0.0,0.0,0.0,True,False,-0.28357819375046606,Low
-0.6363636363636361,-0.4440170940170938,-1.0,0.0,0.0,-0.9999999999999999,0.0,0.0,0.0,0.0,0.0,0.0,False,True,-1.144574103836209,Low
-0.6363636363636361,-0.19188034188034186,-1.0,0.0,0.0,0.0,0.0,0.0,0.0,0.0,0.0,0.0,False,True,-0.7874621412432091,Low
-0.6363636363636361,0.820940170940171,-1.0,0.0,0.0,0.0,0.0,0.0,0.0,0.0,0.0,0.0,True,False,-0.3494698214247614,Low
-0.6363636363636361,0.5645299145299146,0.9999999999999997,0.0,0.6931471805599453,0.0,0.0,0.0,0.0,0.0,0.0,0.0,False,True,-0.4067443073179209,Low
-0.6477272727272726,0.4790598290598292,0.9999999999999997,0.0,1.0986122886681098,0.0,0.0,0.0,0.0,0.0,0.0,0.0,False,True,-0.4379317590817156,Low
-0.659090909090909,-0.33290598290598283,0.0,0.0,0.6931471805599453,-0.9999999999999999,0.0,0.0,0.0,0.0,0.6931471805599453,0.0,True,False,-0.9880030283617725,Low
-0.659090909090909,0.11581196581196596,0.0,0.0,0.6931471805599453,-0.9999999999999999,0.0,0.0,0.6931471805599453,0.0,0.6931471805599453,0.0,False,True,-0.5906827756693707,Low
-0.659090909090909,-0.6149572649572648,-1.0,0.0,0.0,-0.9999999999999999,0.0,0.0,0.0,0.0,0.6931471805599453,0.0,False,False,-1.7117344364847127,Low
-0.6818181818181815,-0.6106837606837606,0.0,0.0,0.6931471805599453,0.0,0.0,0.6931471805599453,0.0,0.0,0.6931471805599453,0.0,False,True,-1.751322223331004,Low
-0.6818181818181815,-0.05085470085470078,0.0,0.0,0.0,0.0,0.0,0.0,0.0,0.0,0.0,0.0,False,False,-0.7183496377553106,Low
-0.7272727272727271,1.162820512820513,-1.0,0.0,0.0,0.0,0.0,0.0,0.0,0.0,0.0,0.0,False,True,-0.33626124912431954,Low
-0.7272727272727271,-0.0337606837606836,0.0,0.0,0.6931471805599453,0.0,0.0,0.0,0.0,0.0,0.6931471805599453,0.0,False,True,-0.7526838486590806,Low
-0.7499999999999999,-0.0337606837606836,-1.0,0.0,0.0,0.0,0.0,0.0,0.0,0.0,0.0,0.0,False,True,-0.776205218929677,Low
-0.7727272727272725,-0.061965811965812,-1.0,0.0,0.0,0.0,0.0,0.0,0.0,0.0,0.0,0.0,False,True,-0.8237730378960445,Low
-0.7727272727272725,-0.8884615384615384,-1.0,0.0,0.6931471805599453,0.0,0.0,0.0,0.0,0.0,0.0,0.0,True,False,-6.927899686520371,Low
-0.7727272727272725,-0.5465811965811965,0.0,0.0,0.0,0.0,0.0,0.0,0.0,0.0,0.0,0.0,False,True,-1.7042241453174527,Low
-0.7727272727272725,-0.7047008547008545,0.0,0.0,0.0,-0.9999999999999999,0.0,0.0,0.0,0.0,0.0,0.0,False,True,-2.616760952506247,Low
-0.7727272727272725,-0.25598290598290596,-1.0,0.0,0.0,0.0,0.0,0.0,0.0,0.0,0.6931471805599453,0.0,True,False,-1.038588063286512,Low
-0.7727272727272725,-0.0337606837606836,0.0,0.0,0.0,0.0,0.0,0.0,0.0,0.0,0.0,0.0,True,False,-0.7997265892002731,Low
-0.7772727272727271,-0.38205128205128197,-1.0,0.0,0.0,0.0,0.0,0.0,0.0,0.6931471805599454,0.0,0.0,False,True,-1.2578272350056579,Low
-0.7772727272727271,-0.0337606837606836,0.0,0.0,0.6931471805599453,0.0,0.0,0.0,0.0,0.6931471805599454,0.0,0.0,False,True,-0.8044308632543924,Low
-0.8090909090909089,-0.49957264957264946,-1.0,0.0,0.0,-0.9999999999999999,0.0,0.0,0.0,0.0,0.0,0.0,False,True,-1.61679993789302,Low
-0.818181818181818,-0.20470085470085453,-1.0,0.0,0.0,0.0,0.0,0.0,0.0,0.0,0.0,0.0,False,True,-1.028772409750378,Low
-0.818181818181818,0.13717948717948733,-1.0,0.0,0.0,0.0,0.0,0.0,0.0,0.0,0.0,0.0,False,True,-0.71948344778108,Low
-0.8636363636363634,-0.5123931623931623,0.0,0.0,0.0,-0.9999999999999999,0.0,0.0,0.0,0.0,0.0,0.0,False,True,-1.7711736116644086,Low
-0.8636363636363634,-0.38418803418803404,0.0,0.0,0.0,-0.9999999999999999,0.0,0.0,0.0,0.0,0.0,0.0,False,True,-1.4024351775913184,Low
-0.8636363636363634,-0.461111111111111,-1.0,0.0,0.6931471805599453,0.0,0.0,0.0,0.0,0.0,0.0,0.0,False,False,-1.6026241799437668,Low
-0.8863636363636361,0.13717948717948733,0.0,0.0,0.6931471805599453,0.0,0.0,0.0,0.0,0.0,0.0,0.0,False,True,-0.7794404017628366,Low
-0.8863636363636361,-0.461111111111111,0.0,0.0,0.6931471805599453,-0.9999999999999999,0.0,0.0,0.0,0.0,0.0,0.0,True,False,-1.6447985004686028,Low
-0.909090909090909,-0.37136752136752127,0.0,0.0,0.6931471805599453,0.0,0.0,0.6931471805599453,0.0,0.0,0.0,0.0,False,True,-1.4461405351955994,Low
-0.909090909090909,-0.3585470085470085,-1.0,0.0,0.0,-0.9999999999999999,0.6931471805599452,0.0,0.0,0.0,0.6931471805599453,0.0,False,True,-1.4172369935194715,Low
-0.909090909090909,-0.461111111111111,-1.0,0.0,0.0,0.0,0.0,0.0,0.0,0.0,0.6931471805599453,0.0,False,True,-1.686972820993439,Low
-0.909090909090909,-0.24743589743589736,-1.0,0.0,0.0,0.0,0.6931471805599452,0.0,0.0,0.0,0.0,0.0,False,True,-1.2079913272417528,Low
-0.909090909090909,0.3252136752136752,-1.0,0.0,0.6931471805599453,0.0,0.0,0.0,0.0,0.0,0.0,0.0,False,True,-0.6859957198557649,Low
-0.909090909090909,1.5474358974358975,-1.0,0.0,0.0,0.0,0.0,0.0,0.0,0.0,0.0,0.0,False,True,-0.35686507754952645,Low
-0.9363636363636361,-0.18974358974358965,-1.0,0.0,0.0,-0.9999999999999999,0.0,0.0,0.0,0.0,0.0,0.0,False,True,-1.1556386651323354,Low
-0.9545454545454544,-0.6854700854700854,0.0,0.0,0.6931471805599453,0.0,0.0,0.0,0.0,0.0,0.0,0.0,False,False,-3.034832015810275,Low
-0.9545454545454544,-0.3482905982905982,-1.0,0.0,0.0,0.0,0.0,0.0,0.0,0.0,0.0,0.0,False,True,-1.464679582712369,Low
-0.9772727272727271,-0.18760683760683755,-1.0,0.0,0.0,0.0,0.0,0.0,0.0,0.0,0.0,0.0,False,True,-1.2029553823346562,Low
-0.9999999999999998,-0.38418803418803404,-1.0,0.0,0.0,0.0,0.0,0.0,0.0,0.0,0.0,0.0,False,True,-1.623872310895211,Low
-1.0227272727272725,-0.9585470085470085,-1.0,0.0,0.0,-0.9999999999999999,0.0,0.6931471805599453,0.0,0.0,0.0,0.0,True,False,-24.671977507029002,Low
-1.0227272727272725,-0.04658119658119658,-2.0,0.0,0.0,-0.9999999999999999,0.0,0.0,0.0,0.0,0.0,0.0,False,True,-1.0726946742186543,Low
-1.0227272727272725,-0.04658119658119658,0.0,0.0,0.6931471805599453,0.0,0.0,0.6931471805599453,0.0,0.0,0.0,0.0,False,True,-1.0726946742186543,Low
-1.0454545454545452,-0.9098290598290598,0.0,0.0,0.0,-0.9999999999999999,0.0,0.0,0.6931471805599453,0.0,0.0,0.0,False,True,-11.594140456699694,Low
-1.0499999999999996,0.5217948717948719,0.0,0.0,0.0,-0.9999999999999999,0.0,0.0,0.0,0.6931471805599454,0.0,0.6931471805599453,False,True,-0.6899747262005052,Low
-1.1136363636363635,-0.461111111111111,-1.0,0.0,0.0,-0.9999999999999999,0.0,0.0,0.0,0.0,0.0,0.0,False,True,-2.066541705716963,Low
-1.136363636363636,-0.7175213675213675,0.0,0.0,0.6931471805599453,0.0,0.0,0.0,0.0,0.0,0.0,0.0,False,True,-4.022830422225278,Low
-1.136363636363636,-0.461111111111111,0.9999999999999997,0.0,0.6931471805599453,0.0,0.0,0.0,0.0,0.0,0.0,0.0,False,True,-2.1087160262417983,Low
-1.136363636363636,-0.3072649572649572,-1.0,0.0,0.0,0.0,0.0,0.0,0.0,0.0,0.6931471805599453,0.0,False,True,-1.6404015478660752,Low
-1.2727272727272725,-1.0166666666666666,0.0,0.0,0.6931471805599453,0.0,0.0,0.0,0.0,0.0,0.0,0.0,False,True,76.36363636363662,Low
-1.2727272727272725,-0.1837606837606837,-1.0,0.0,0.0,0.0,0.0,0.0,0.0,0.0,0.0,0.0,False,True,-1.5592574964302708,Low
-1.2954545454545452,-0.4653846153846153,-1.0,0.0,0.0,-0.9999999999999999,0.0,0.0,0.0,0.0,0.6931471805599453,0.0,False,True,-2.423152387181163,Low
-1.318181818181818,-0.461111111111111,-1.0,0.0,0.0,0.0,0.0,0.6931471805599453,0.0,0.0,1.0986122886681098,0.0,False,True,-2.4461105904404863,Low
-1.3524999999999996,-0.7175213675213675,0.0,0.0,0.0,-0.9999999999999999,0.0,0.0,0.0,0.0,0.0,0.0,True,False,-4.7879727685325255,Low
-1.3636363636363633,-0.19615384615384615,-1.0,0.0,0.0,0.0,0.0,0.0,0.0,0.0,0.0,0.0,False,True,-1.696389734667246,Low
-1.3636363636363633,-0.49957264957264946,0.0,0.0,0.0,-0.9999999999999999,0.0,0.0,0.0,0.0,0.0,0.0,False,False,-2.7249437155500336,Low
-1.3636363636363633,-0.0978632478632477,0.0,0.0,0.6931471805599453,0.0,0.0,0.0,0.0,0.0,0.0,0.0,False,True,-1.5115628095258598,Low
